k,alpha,Recall@k,MRR,Precision,Recall,F1
5,0.3,0.9766666666666667,0.9571666666666667,0.49133333333333334,0.7491507936507936,0.583100455100455
5,0.5,0.98,0.9631666666666666,0.5146666666666667,0.7846587301587301,0.6102701557701558
5,0.7,0.9866666666666667,0.9656666666666667,0.5193333333333333,0.7926031746031746,0.6161775631775631
10,0.3,0.98,0.9575833333333333,0.26666666666666666,0.8106574074074074,0.39506933245632936
10,0.5,0.9866666666666667,0.9641984126984127,0.271,0.8232222222222222,0.40134033581943795
10,0.7,0.99,0.9660833333333333,0.273,0.8296111111111111,0.4044035226326248
20,0.3,0.99,0.9583854723707664,0.14166666666666666,0.8571746031746031,0.24045394279772092
20,0.5,0.99,0.9644365079365079,0.14266666666666666,0.8630595238095238,0.24214898918986874
20,0.7,0.99,0.9660833333333333,0.14266666666666666,0.8639206349206349,0.2422118601353484
